pavilion,stand,name,type,description,products
07-08,H 024,3BEE SRL,Co-espositore,,[]
07-08,C 131,3G SNC DI PAOLO GRANELLI & CO.,Espositore,,[]
03,F 060,A RICCHIGIA SRL,Co-espositore,,[]
06,K 046,A. DARBO AG,Co-espositore,,[]
06,K 028,A. GANDOLA & C. SPA,Espositore,,[]
06,H 033,A. LOACKER SPA,Espositore,,[]
06,I 022,A.D. SRL,Espositore,,[]
07-08,F 024,A.O.C. SOCIETA' COOP. AGRICOLA,Co-espositore,,[]
07-08,C 006,A.R. TARTUFI SRL,Co-espositore,,[]
05,N 008,AB MAURI ITALY SPA,Espositore,,[]
06,C 052,ACCADEMIA DEL PANE,Espositore,,[]
06,E 046,ACCADEMIA GROUP SRL,Marchio,,[]
04,D 001,ACCADEMIA OLEARIA SRL,Espositore,,[]
03,A 074,ACCUDIRE SRL,Espositore,,[]
07-08,C 131,ACEITUNAS SANMER OLIVES,Espositore,,[]
07-08,I 018,ACEITUNAS TORREMAR,Co-espositore,,[]
05,M 069,ACETAIA BORGO CASTELLO SRL,Azienda Rappresentata,,[]
05,M 007,ACETAIA CASTELLI,Espositore,,[]
05,G 070,ACETAIA CASTELLI,Marchio,,[]
05,G 070,1,Espositore,2 3 4 5 6 7 8 9 10 11 Privacy e cookie policy,[]
